Kilometres,Zone,Bonus,Make,Insured,Claims,Payment
1,1,1,1,455,108,392491
1,1,1,2,69,19,46221
1,1,1,3,73,13,15694
1,1,1,4,1292,124,422201
1,1,1,5,191,40,119373
1,1,1,6,478,57,170913
1,1,1,7,106,23,56940
1,1,1,8,33,14,77487
1,1,1,9,9998,1704,6805992
1,1,2,1,315,45,214011
1,1,2,2,62,10,65303
1,1,2,3,47,5,20871
1,1,2,4,783,48,242894
1,1,2,5,115,11,23545
1,1,2,6,338,23,39598
1,1,2,7,70,7,48767
1,1,2,8,15,2,6560
1,1,2,9,6416,638,2873487
1,1,3,1,310,24,134931
1,1,3,2,49,6,50908
1,1,3,3,32,3,4399
1,1,3,4,497,23,112992
1,1,3,5,73,6,14788
1,1,3,6,278,9,48713
1,1,3,7,66,9,52076
1,1,3,8,18,3,13161
1,1,3,9,5063,408,1707680
1,1,4,1,318,29,103866
1,1,4,2,57,7,77588
1,1,4,3,35,4,11839
1,1,4,4,374,20,98140
1,1,4,5,85,7,27919
1,1,4,6,200,7,103910
1,1,4,7,60,4,38065
1,1,4,8,13,0,0
1,1,4,9,4263,300,1267678
1,1,5,1,444,25,69203
1,1,5,2,87,6,14620
1,1,5,3,54,5,40258
1,1,5,4,362,22,161455
1,1,5,5,118,3,20011
1,1,5,6,233,11,57214
1,1,5,7,81,3,4496
1,1,5,8,18,0,0
1,1,5,9,4761,301,1116208
1,1,6,1,1017,61,217617
1,1,6,2,151,12,58099
1,1,6,3,127,4,12268
1,1,6,4,517,16,59634
1,1,6,5,247,13,84966
1,1,6,6,483,19,137005
1,1,6,7,204,12,33767
1,1,6,8,26,3,6279
1,1,6,9,9198,522,1939894
1,1,7,1,5430,214,1048698
1,1,7,2,660,24,143915
1,1,7,3,657,22,153830
1,1,7,4,2796,60,202413
1,1,7,5,1119,41,180345
1,1,7,6,2862,92,484604
1,1,7,7,1111,37,152801
1,1,7,8,167,6,14084
1,1,7,9,48265,1875,8977527
1,2,1,1,459,98,532092
1,2,1,2,73,5,9006
1,2,1,3,33,7,45498
1,2,1,4,1545,101,337480
1,2,1,5,201,43,191982
1,2,1,6,664,65,300632
1,2,1,7,125,10,23349
1,2,1,8,29,4,13581
1,2,1,9,11381,1326,6173598
1,2,2,1,365,40,211494
1,2,2,2,52,5,10811
1,2,2,3,29,4,36204
1,2,2,4,1053,33,135007
1,2,2,5,110,16,49061
1,2,2,6,471,30,64287
1,2,2,7,93,8,51080
1,2,2,8,18,1,600
1,2,2,9,7608,591,2510207
1,2,3,1,315,17,106975
1,2,3,2,65,4,16922
1,2,3,3,27,2,8255
1,2,3,4,726,29,93656
1,2,3,5,96,4,44966
1,2,3,6,366,16,43426
1,2,3,7,81,5,48691
1,2,3,8,13,1,1325
1,2,3,9,5899,320,1392652
1,2,4,1,320,16,136143
1,2,4,2,70,4,34137
1,2,4,3,33,1,2702
1,2,4,4,508,9,22292
1,2,4,5,72,7,20295
1,2,4,6,316,9,57404
1,2,4,7,72,3,8538
1,2,4,8,18,0,0
1,2,4,9,4958,269,1375988
1,2,5,1,474,27,136376
1,2,5,2,88,8,19038
1,2,5,3,46,2,3604
1,2,5,4,468,9,10597
1,2,5,5,127,10,26433
1,2,5,6,316,11,52950
1,2,5,7,101,7,21620
1,2,5,8,23,1,2680
1,2,5,9,5481,282,1079230
1,2,6,1,996,61,236220
1,2,6,2,175,10,25036
1,2,6,3,112,5,22261
1,2,6,4,602,16,88961
1,2,6,5,261,14,64368
1,2,6,6,593,17,65578
1,2,6,7,230,7,46244
1,2,6,8,47,7,14385
1,2,6,9,9831,413,1840742
1,2,7,1,6021,233,1086534
1,2,7,2,853,33,165960
1,2,7,3,752,24,100564
1,2,7,4,3294,60,201401
1,2,7,5,1289,53,272610
1,2,7,6,3665,97,524316
1,2,7,7,1370,35,159658
1,2,7,8,184,5,18603
1,2,7,9,55085,1744,8500391
1,3,1,1,453,72,329632
1,3,1,2,67,9,79565
1,3,1,3,35,5,11746
1,3,1,4,1653,89,338305
1,3,1,5,207,38,124108
1,3,1,6,860,64,213078
1,3,1,7,110,11,34844
1,3,1,8,26,5,25319
1,3,1,9,11436,1205,5173923
1,3,2,1,317,25,90162
1,3,2,2,55,8,19327
1,3,2,3,23,3,1209
1,3,2,4,1187,30,123124
1,3,2,5,130,13,99258
1,3,2,6,617,40,137828
1,3,2,7,103,7,14904
1,3,2,8,22,1,597
1,3,2,9,8352,425,1937445
1,3,3,1,357,18,37835
1,3,3,2,63,3,5014
1,3,3,3,18,0,0
1,3,3,4,849,25,61591
1,3,3,5,119,6,47495
1,3,3,6,464,20,53173
1,3,3,7,104,6,11936
1,3,3,8,14,1,31442
1,3,3,9,6540,304,1284025
1,3,4,1,338,19,136281
1,3,4,2,52,2,9253
1,3,4,3,28,0,0
1,3,4,4,572,23,142536
1,3,4,5,113,6,21433
1,3,4,6,406,21,131027
1,3,4,7,85,3,4079
1,3,4,8,16,1,1012
1,3,4,9,5124,217,994540
1,3,5,1,459,16,61958
1,3,5,2,74,2,5056
1,3,5,3,42,4,44278
1,3,5,4,517,8,18455
1,3,5,5,136,8,28248
1,3,5,6,418,11,15568
1,3,5,7,103,1,8347
1,3,5,8,26,1,1144
1,3,5,9,5849,242,1184032
1,3,6,1,1060,43,245621
1,3,6,2,125,7,12648
1,3,6,3,119,2,5855
1,3,6,4,640,12,64278
1,3,6,5,308,14,90310
1,3,6,6,740,24,117763
1,3,6,7,234,7,20303
1,3,6,8,53,3,6221
1,3,6,9,10263,393,2026554
1,3,7,1,7156,197,980780
1,3,7,2,999,32,168854
1,3,7,3,1050,19,41459
1,3,7,4,3712,67,229231
1,3,7,5,1862,74,388511
1,3,7,6,4964,121,622350
1,3,7,7,1785,58,253660
1,3,7,8,331,8,94395
1,3,7,9,65617,1865,9884008
1,4,1,1,869,115,627513
1,4,1,2,123,10,113492
1,4,1,3,55,3,33925
1,4,1,4,2752,98,578698
1,4,1,5,328,36,149698
1,4,1,6,1731,105,604161
1,4,1,7,232,13,55103
1,4,1,8,49,4,34267
1,4,1,9,20153,1446,6605073
1,4,2,1,622,41,300510
1,4,2,2,94,5,11936
1,4,2,3,37,2,6387
1,4,2,4,2038,48,152944
1,4,2,5,189,17,40047
1,4,2,6,1217,65,344450
1,4,2,7,156,16,113524
1,4,2,8,27,0,0
1,4,2,9,14648,645,3150912
1,4,3,1,613,32,168882
1,4,3,2,108,5,43676
1,4,3,3,37,0,0
1,4,3,4,1448,25,66208
1,4,3,5,169,8,30465
1,4,3,6,933,40,374818
1,4,3,7,153,5,38157
1,4,3,8,32,2,8234
1,4,3,9,11315,427,2035982
1,4,4,1,574,29,214513
1,4,4,2,104,4,12077
1,4,4,3,49,2,12947
1,4,4,4,971,20,77705
1,4,4,5,135,6,16781
1,4,4,6,741,25,87155
1,4,4,7,124,3,11469
1,4,4,8,37,1,2572
1,4,4,9,8786,291,1189357
1,4,5,1,783,28,97770
1,4,5,2,127,7,21026
1,4,5,3,86,4,15583
1,4,5,4,886,16,71474
1,4,5,5,201,14,74804
1,4,5,6,826,16,76879
1,4,5,7,185,3,6085
1,4,5,8,53,1,6827
1,4,5,9,9850,324,1672294
1,4,6,1,1839,72,505590
1,4,6,2,299,5,16182
1,4,6,3,234,8,42369
1,4,6,4,1047,22,147524
1,4,6,5,482,16,70430
1,4,6,6,1317,34,162323
1,4,6,7,361,9,127814
1,4,6,8,91,7,80134
1,4,6,9,17333,535,2833885
1,4,7,1,15297,389,2505764
1,4,7,2,2085,65,296375
1,4,7,3,2141,38,253490
1,4,7,4,6924,100,435674
1,4,7,5,3722,115,641018
1,4,7,6,10410,194,1070372
1,4,7,7,3253,86,317119
1,4,7,8,769,23,160411
1,4,7,9,127687,2894,15540162
1,5,1,1,161,22,112479
1,5,1,2,16,2,1668
1,5,1,3,6,0,0
1,5,1,4,454,15,61507
1,5,1,5,69,13,83497
1,5,1,6,301,21,87734
1,5,1,7,48,6,51950
1,5,1,8,11,0,0
1,5,1,9,3645,407,1855941
1,5,2,1,133,7,27325
1,5,2,2,17,1,1554
1,5,2,3,4,0,0
1,5,2,4,324,10,22854
1,5,2,5,52,4,40692
1,5,2,6,219,12,88266
1,5,2,7,40,3,38808
1,5,2,8,12,1,1029
1,5,2,9,2694,174,616744
1,5,3,1,123,8,51943
1,5,3,2,21,0,0
1,5,3,3,5,0,0
1,5,3,4,240,6,13492
1,5,3,5,38,6,16170
1,5,3,6,174,4,17523
1,5,3,7,30,2,6421
1,5,3,8,5,1,31442
1,5,3,9,1993,117,481752
1,5,4,1,116,3,7229
1,5,4,2,16,1,1000
1,5,4,3,9,1,9867
1,5,4,4,161,8,22404
1,5,4,5,28,4,8119
1,5,4,6,146,8,33299
1,5,4,7,30,0,0
1,5,4,8,8,1,2700
1,5,4,9,1593,74,364037
1,5,5,1,186,11,53110
1,5,5,2,24,2,4900
1,5,5,3,16,0,0
1,5,5,4,141,2,4876
1,5,5,5,42,1,7056
1,5,5,6,142,2,3200
1,5,5,7,44,3,64516
1,5,5,8,10,0,0
1,5,5,9,1752,86,299385
1,5,6,1,395,9,25994
1,5,6,2,55,3,7232
1,5,6,3,40,1,1373
1,5,6,4,178,4,6211
1,5,6,5,93,7,21706
1,5,6,6,244,8,41753
1,5,6,7,93,5,6674
1,5,6,8,23,2,1522
1,5,6,9,3252,165,774028
1,5,7,1,2257,80,452280
1,5,7,2,284,7,45614
1,5,7,3,301,9,55124
1,5,7,4,946,19,68243
1,5,7,5,584,18,113925
1,5,7,6,1332,38,138432
1,5,7,7,542,13,93691
1,5,7,8,125,5,46879
1,5,7,9,17722,589,2700050
1,6,1,1,340,31,75947
1,6,1,2,38,3,5658
1,6,1,3,16,0,0
1,6,1,4,768,30,187167
1,6,1,5,135,31,164961
1,6,1,6,585,44,309679
1,6,1,7,80,7,8237
1,6,1,8,30,4,35088
1,6,1,9,6745,542,2708623
1,6,2,1,234,20,159609
1,6,2,2,34,2,5403
1,6,2,3,14,0,0
1,6,2,4,563,7,12459
1,6,2,5,85,10,55348
1,6,2,6,436,14,72563
1,6,2,7,63,3,63976
1,6,2,8,14,0,0
1,6,2,9,4722,227,970016
1,6,3,1,231,10,97153
1,6,3,2,38,1,789
1,6,3,3,14,0,0
1,6,3,4,387,10,57758
1,6,3,5,77,5,14166
1,6,3,6,294,15,106215
1,6,3,7,57,3,41564
1,6,3,8,13,0,0
1,6,3,9,3558,131,785697
1,6,4,1,187,12,81889
1,6,4,2,32,3,2985
1,6,4,3,16,0,0
1,6,4,4,283,6,73962
1,6,4,5,58,5,20515
1,6,4,6,219,5,14794
1,6,4,7,45,4,38560
1,6,4,8,24,2,3138
1,6,4,9,2708,99,517218
1,6,5,1,254,20,105565
1,6,5,2,47,2,5207
1,6,5,3,28,0,0
1,6,5,4,259,1,31442
1,6,5,5,73,1,1742
1,6,5,6,252,8,74154
1,6,5,7,65,3,8546
1,6,5,8,22,1,2198
1,6,5,9,2937,87,641508
1,6,6,1,561,17,107765
1,6,6,2,88,0,0
1,6,6,3,56,3,4731
1,6,6,4,274,3,10929
1,6,6,5,186,9,16980
1,6,6,6,424,12,62560
1,6,6,7,141,4,39806
1,6,6,8,61,3,4512
1,6,6,9,5248,187,1066083
1,6,7,1,4493,136,727249
1,6,7,2,607,16,114290
1,6,7,3,561,21,128950
1,6,7,4,1800,29,191942
1,6,7,5,1204,48,118462
1,6,7,6,2874,70,422565
1,6,7,7,915,27,208821
1,6,7,8,347,15,131927
1,6,7,9,34969,886,5181284
1,7,1,1,24,4,9848
1,7,1,2,4,0,0
1,7,1,4,92,5,4642
1,7,1,5,7,0,0
1,7,1,6,30,0,0
1,7,1,7,4,1,1504
1,7,1,8,1,0,0
1,7,1,9,560,38,108198
1,7,2,1,21,1,2772
1,7,2,2,3,0,0
1,7,2,3,0,0,0
1,7,2,4,49,1,1980
1,7,2,5,2,0,0
1,7,2,6,21,5,12647
1,7,2,7,2,0,0
1,7,2,8,0,0,0
1,7,2,9,414,19,45789
1,7,3,1,17,0,0
1,7,3,2,2,0,0
1,7,3,3,1,0,0
1,7,3,4,46,1,756
1,7,3,5,3,0,0
1,7,3,6,14,1,2199
1,7,3,7,4,0,0
1,7,3,8,0,0,0
1,7,3,9,285,7,15229
1,7,4,1,13,0,0
1,7,4,2,2,1,5000
1,7,4,3,1,0,0
1,7,4,4,28,0,0
1,7,4,5,5,0,0
1,7,4,6,11,0,0
1,7,4,7,3,0,0
1,7,4,9,225,5,9681
1,7,5,1,20,0,0
1,7,5,2,6,1,3900
1,7,5,3,2,0,0
1,7,5,4,29,1,2913
1,7,5,5,4,0,0
1,7,5,6,14,1,3174
1,7,5,7,2,0,0
1,7,5,8,1,0,0
1,7,5,9,279,13,31522
1,7,6,1,41,1,3325
1,7,6,2,8,2,7963
1,7,6,3,2,0,0
1,7,6,4,36,1,1327
1,7,6,5,10,0,0
1,7,6,6,22,0,0
1,7,6,7,7,0,0
1,7,6,8,0,0,0
1,7,6,9,457,15,103527
1,7,7,1,295,3,8171
1,7,7,2,50,1,1510
1,7,7,3,26,0,0
1,7,7,4,216,4,65435
1,7,7,5,61,0,0
1,7,7,6,208,5,74182
1,7,7,7,46,0,0
1,7,7,8,10,0,0
1,7,7,9,3315,77,340189
2,1,1,1,639,148,578831
2,1,1,2,95,29,137355
2,1,1,3,127,29,137680
2,1,1,4,399,55,162678
2,1,1,5,168,41,73435
2,1,1,6,354,48,166416
2,1,1,7,96,11,21295
2,1,1,8,26,5,2059
2,1,1,9,6793,1410,6556534
2,1,2,1,605,86,484085
2,1,2,2,96,12,93305
2,1,2,3,95,12,62554
2,1,2,4,319,20,43734
2,1,2,5,152,24,109785
2,1,2,6,349,27,92572
2,1,2,7,94,8,76099
2,1,2,8,17,3,39939
2,1,2,9,5941,722,3249461
2,1,3,1,600,78,450864
2,1,3,2,121,17,142141
2,1,3,3,92,13,93038
2,1,3,4,234,13,65170
2,1,3,5,135,19,111059
2,1,3,6,319,21,162284
2,1,3,7,88,11,30153
2,1,3,8,22,5,47551
2,1,3,9,5163,484,2522341
2,1,4,1,597,55,213704
2,1,4,2,129,7,47589
2,1,4,3,95,9,47251
2,1,4,4,183,12,59369
2,1,4,5,112,11,20942
2,1,4,6,264,9,44772
2,1,4,7,107,9,61695
2,1,4,8,23,3,40634
2,1,4,9,4713,407,1631427
2,1,5,1,780,55,232521
2,1,5,2,158,13,31952
2,1,5,3,137,6,50067
2,1,5,4,156,11,18221
2,1,5,5,150,15,32164
2,1,5,6,295,13,59509
2,1,5,7,133,8,55603
2,1,5,8,29,2,2802
2,1,5,9,5373,363,1597528
2,1,6,1,1558,107,435444
2,1,6,2,330,29,133272
2,1,6,3,321,13,150031
2,1,6,4,211,4,15193
2,1,6,5,336,30,194477
2,1,6,6,577,24,137963
2,1,6,7,270,9,87411
2,1,6,8,57,9,144950
2,1,6,9,9806,618,2918359
2,1,7,1,8010,390,1992027
2,1,7,2,1408,67,332194
2,1,7,3,1539,49,397236
2,1,7,4,806,31,209824
2,1,7,5,1381,83,398103
2,1,7,6,2849,111,493340
2,1,7,7,1497,74,282000
2,1,7,8,268,14,95457
2,1,7,9,44511,2127,10315455
2,2,1,1,679,113,582788
2,2,1,2,98,22,91135
2,2,1,3,60,11,90425
2,2,1,4,434,45,153794
2,2,1,5,212,34,255298
2,2,1,6,516,51,253258
2,2,1,7,119,16,69025
2,2,1,8,25,5,7797
2,2,1,9,7185,1157,5121951
2,2,2,1,638,83,350944
2,2,2,2,117,19,141774
2,2,2,3,53,11,58588
2,2,2,4,409,22,136288
2,2,2,5,168,33,150740
2,2,2,6,523,22,100822
2,2,2,7,141,15,57916
2,2,2,8,26,5,42167
2,2,2,9,6507,559,2457197
2,2,3,1,687,60,382872
2,2,3,2,112,11,55353
2,2,3,3,69,5,7480
2,2,3,4,294,14,88500
2,2,3,5,154,20,42607
2,2,3,6,447,25,116227
2,2,3,7,140,9,18627
2,2,3,8,29,2,4521
2,2,3,9,5784,453,1907609
2,2,4,1,661,50,257851
2,2,4,2,140,15,29492
2,2,4,3,68,3,4835
2,2,4,4,198,6,11144
2,2,4,5,152,10,18943
2,2,4,6,390,15,37755
2,2,4,7,120,9,55231
2,2,4,8,33,1,1878
2,2,4,9,5317,344,1682243
2,2,5,1,849,70,265184
2,2,5,2,204,19,116076
2,2,5,3,129,6,20054
2,2,5,4,150,7,40010
2,2,5,5,214,14,21497
2,2,5,6,431,18,89520
2,2,5,7,177,10,25944
2,2,5,8,51,3,10388
2,2,5,9,6273,344,1437097
2,2,6,1,1741,99,502889
2,2,6,2,359,22,108381
2,2,6,3,287,14,49960
2,2,6,4,193,7,11847
2,2,6,5,399,21,135284
2,2,6,6,710,32,75776
2,2,6,7,357,12,25779
2,2,6,8,103,9,27406
2,2,6,9,11002,622,3029300
2,2,7,1,9359,359,2466406
2,2,7,2,2022,107,520377
2,2,7,3,1795,53,328548
2,2,7,4,860,23,95241
2,2,7,5,1856,77,323882
2,2,7,6,3818,96,503384
2,2,7,7,2126,91,463818
2,2,7,8,407,10,89166
2,2,7,9,54421,2087,9950131
2,3,1,1,704,120,547349
2,3,1,2,88,10,20304
2,3,1,3,40,3,5422
2,3,1,4,461,33,121470
2,3,1,5,210,53,234736
2,3,1,6,634,52,241224
2,3,1,7,142,14,68256
2,3,1,8,23,2,8396
2,3,1,9,7305,1003,4387841
2,3,2,1,701,74,286946
2,3,2,2,97,7,20675
2,3,2,3,44,1,31442
2,3,2,4,423,17,14982
2,3,2,5,177,27,154791
2,3,2,6,669,42,114629
2,3,2,7,151,17,36169
2,3,2,8,27,1,31442
2,3,2,9,6989,556,2634269
2,3,3,1,724,49,189534
2,3,3,2,121,9,32584
2,3,3,3,56,0,0
2,3,3,4,276,7,40454
2,3,3,5,163,17,33909
2,3,3,6,576,21,55806
2,3,3,7,140,13,76834
2,3,3,8,37,0,0
2,3,3,9,6035,404,2107152
2,3,4,1,679,38,197187
2,3,4,2,120,13,62674
2,3,4,3,69,2,2597
2,3,4,4,173,11,46956
2,3,4,5,155,8,45486
2,3,4,6,469,19,75634
2,3,4,7,148,9,84248
2,3,4,8,41,4,35685
2,3,4,9,5497,323,1473149
2,3,5,1,946,50,199324
2,3,5,2,172,12,27067
2,3,5,3,105,4,34911
2,3,5,4,189,4,33175
2,3,5,5,210,9,81779
2,3,5,6,516,17,77953
2,3,5,7,189,10,21942
2,3,5,8,56,6,23456
2,3,5,9,6442,324,1506141
2,3,6,1,1703,86,491502
2,3,6,2,332,10,21654
2,3,6,3,306,11,72861
2,3,6,4,194,6,11444
2,3,6,5,452,30,201310
2,3,6,6,834,38,182641
2,3,6,7,367,17,76297
2,3,6,8,127,8,27834
2,3,6,9,10730,492,2038707
2,3,7,1,10470,325,1401833
2,3,7,2,2071,68,353788
2,3,7,3,2180,59,324185
2,3,7,4,917,19,73569
2,3,7,5,2435,86,468488
2,3,7,6,4858,121,605098
2,3,7,7,2416,83,349608
2,3,7,8,704,22,134382
2,3,7,9,60140,2044,10518198
2,4,1,1,1494,226,1107859
2,4,1,2,131,14,103393
2,4,1,3,89,8,112948
2,4,1,4,774,39,121494
2,4,1,5,372,66,369471
2,4,1,6,1295,109,492597
2,4,1,7,241,23,51380
2,4,1,8,45,8,20312
2,4,1,9,13502,1442,7243260
2,4,2,1,1403,119,614064
2,4,2,2,157,13,37643
2,4,2,3,88,4,16203
2,4,2,4,727,35,212362
2,4,2,5,317,38,204612
2,4,2,6,1299,65,566535
2,4,2,7,251,18,128549
2,4,2,8,53,5,35588
2,4,2,9,12693,849,4327298
2,4,3,1,1389,99,691234
2,4,3,2,177,5,45982
2,4,3,3,107,4,14953
2,4,3,4,497,15,38416
2,4,3,5,280,23,235331
2,4,3,6,1084,46,166621
2,4,3,7,246,10,35221
2,4,3,8,61,6,83511
2,4,3,9,10958,580,3353774
2,4,4,1,1336,82,358249
2,4,4,2,230,8,18246
2,4,4,3,126,2,1916
2,4,4,4,364,11,34707
2,4,4,5,319,12,40334
2,4,4,6,874,33,170727
2,4,4,7,241,12,86801
2,4,4,8,77,4,19358
2,4,4,9,9690,445,2107274
2,4,5,1,1685,82,547932
2,4,5,2,323,15,38665
2,4,5,3,224,5,16820
2,4,5,4,349,3,6779
2,4,5,5,390,15,161309
2,4,5,6,987,31,230920
2,4,5,7,330,8,51133
2,4,5,8,116,5,25988
2,4,5,9,10933,441,2172831
2,4,6,1,3058,116,579356
2,4,6,2,665,29,142262
2,4,6,3,570,18,110476
2,4,6,4,348,10,62709
2,4,6,5,723,37,134350
2,4,6,6,1508,41,206813
2,4,6,7,656,17,45923
2,4,6,8,259,13,74790
2,4,6,9,19012,728,3816718
2,4,7,1,21848,605,3502535
2,4,7,2,4430,153,836130
2,4,7,3,4695,91,528367
2,4,7,4,1818,33,101358
2,4,7,5,4808,127,850044
2,4,7,6,10511,242,1174270
2,4,7,7,4635,135,697806
2,4,7,8,1853,49,319803
2,4,7,9,121293,3338,18245026
2,5,1,1,217,47,161646
2,5,1,2,25,1,4656
2,5,1,3,15,1,2810
2,5,1,4,96,4,43315
2,5,1,5,58,13,32595
2,5,1,6,183,15,61055
2,5,1,7,40,5,35437
2,5,1,8,6,2,6656
2,5,1,9,1933,250,1001018
2,5,2,1,211,20,113635
2,5,2,2,27,5,39053
2,5,2,3,11,0,0
2,5,2,4,89,4,23893
2,5,2,5,58,10,24691
2,5,2,6,208,12,29123
2,5,2,7,57,2,1758
2,5,2,8,8,1,4834
2,5,2,9,1976,176,1044585
2,5,3,1,231,23,64911
2,5,3,2,32,1,2536
2,5,3,3,15,2,1453
2,5,3,4,57,3,5473
2,5,3,5,48,7,8258
2,5,3,6,175,7,16559
2,5,3,7,47,4,7541
2,5,3,8,12,0,0
2,5,3,9,1711,101,352227
2,5,4,1,230,16,70312
2,5,4,2,31,1,963
2,5,4,3,17,1,2320
2,5,4,4,36,1,2762
2,5,4,5,52,4,37247
2,5,4,6,152,7,16448
2,5,4,7,50,5,17564
2,5,4,8,12,2,36323
2,5,4,9,1514,94,391430
2,5,5,1,290,17,99863
2,5,5,2,57,2,9871
2,5,5,3,32,0,0
2,5,5,4,42,0,0
2,5,5,5,77,5,49022
2,5,5,6,167,7,20196
2,5,5,7,82,6,72912
2,5,5,8,28,2,8215
2,5,5,9,1873,116,725258
2,5,6,1,608,29,81371
2,5,6,2,129,8,16730
2,5,6,3,97,3,13046
2,5,6,4,43,1,390
2,5,6,5,150,7,12686
2,5,6,6,265,11,45599
2,5,6,7,135,16,41245
2,5,6,8,55,6,70624
2,5,6,9,3458,162,764745
2,5,7,1,3360,122,604369
2,5,7,2,606,27,142803
2,5,7,3,611,16,109950
2,5,7,4,208,6,36294
2,5,7,5,729,34,120719
2,5,7,6,1354,50,293518
2,5,7,7,736,18,47691
2,5,7,8,258,7,51190
2,5,7,9,16949,616,3131530
2,6,1,1,573,85,404731
2,6,1,2,44,2,2524
2,6,1,3,23,1,5192
2,6,1,4,198,8,46327
2,6,1,5,138,19,118047
2,6,1,6,445,50,355284
2,6,1,7,84,14,66584
2,6,1,8,31,3,5871
2,6,1,9,4295,484,2540690
2,6,2,1,503,51,272422
2,6,2,2,55,3,7805
2,6,2,3,21,0,0
2,6,2,4,156,8,54065
2,6,2,5,121,14,77633
2,6,2,6,456,33,155704
2,6,2,7,86,4,7725
2,6,2,8,35,3,44018
2,6,2,9,3991,284,1423093
2,6,3,1,508,35,169303
2,6,3,2,56,1,8610
2,6,3,3,23,0,0
2,6,3,4,107,3,6486
2,6,3,5,104,7,18043
2,6,3,6,372,10,53188
2,6,3,7,76,3,4736
2,6,3,8,35,2,2289
2,6,3,9,3470,224,1013321
2,6,4,1,455,23,67152
2,6,4,2,70,3,6864
2,6,4,3,29,0,0
2,6,4,4,93,2,32158
2,6,4,5,90,3,4864
2,6,4,6,286,10,49974
2,6,4,7,90,5,54362
2,6,4,8,43,3,6623
2,6,4,9,2927,138,597450
2,6,5,1,518,21,118651
2,6,5,2,97,4,9580
2,6,5,3,58,1,3521
2,6,5,4,77,0,0
2,6,5,5,122,12,40820
2,6,5,6,302,9,81184
2,6,5,7,101,5,11208
2,6,5,8,66,4,39787
2,6,5,9,3279,146,756142
2,6,6,1,992,44,278171
2,6,6,2,210,6,71372
2,6,6,3,166,4,55283
2,6,6,4,80,4,10539
2,6,6,5,248,11,86405
2,6,6,6,547,24,80714
2,6,6,7,199,4,9307
2,6,6,8,137,5,40319
2,6,6,9,5717,211,1097124
2,6,7,1,6872,219,1148035
2,6,7,2,1358,47,177092
2,6,7,3,1306,25,142010
2,6,7,4,418,9,19434
2,6,7,5,1508,51,233769
2,6,7,6,3172,55,321914
2,6,7,7,1370,54,391112
2,6,7,8,792,24,127778
2,6,7,9,35319,1037,5765190
2,7,1,1,37,6,15613
2,7,1,2,3,0,0
2,7,1,3,2,0,0
2,7,1,4,28,1,3005
2,7,1,5,9,0,0
2,7,1,6,21,4,5072
2,7,1,7,4,0,0
2,7,1,8,2,0,0
2,7,1,9,342,26,157981
2,7,2,1,34,3,6068
2,7,2,2,10,0,0
2,7,2,3,1,0,0
2,7,2,4,23,1,1410
2,7,2,5,10,2,33342
2,7,2,6,25,1,4059
2,7,2,7,5,0,0
2,7,2,8,3,0,0
2,7,2,9,349,15,145126
2,7,3,1,35,1,2200
2,7,3,2,8,0,0
2,7,3,3,2,0,0
2,7,3,4,19,1,1588
2,7,3,5,5,0,0
2,7,3,6,19,1,31442
2,7,3,7,8,1,2800
2,7,3,8,0,0,0
2,7,3,9,292,13,23491
2,7,4,1,27,1,1329
2,7,4,2,5,0,0
2,7,4,3,2,0,0
2,7,4,4,9,0,0
2,7,4,5,6,1,1916
2,7,4,6,18,0,0
2,7,4,7,3,0,0
2,7,4,8,2,0,0
2,7,4,9,258,5,15880
2,7,5,1,39,3,12590
2,7,5,2,11,0,0
2,7,5,3,3,0,0
2,7,5,4,9,0,0
2,7,5,5,5,0,0
2,7,5,6,17,0,0
2,7,5,7,6,0,0
2,7,5,8,3,0,0
2,7,5,9,267,8,11642
2,7,6,1,64,2,6574
2,7,6,2,17,4,7333
2,7,6,3,7,0,0
2,7,6,4,9,0,0
2,7,6,5,12,0,0
2,7,6,6,24,0,0
2,7,6,7,13,0,0
2,7,6,8,7,0,0
2,7,6,9,453,9,81464
2,7,7,1,421,7,16802
2,7,7,2,126,1,6020
2,7,7,3,39,1,1012
2,7,7,4,59,1,3580
2,7,7,5,82,3,3065
2,7,7,6,194,3,32827
2,7,7,7,71,1,603
2,7,7,8,31,1,1021
2,7,7,9,2874,69,381570
3,1,1,1,213,53,244561
3,1,1,2,77,26,187544
3,1,1,3,60,8,18624
3,1,1,4,61,10,81052
3,1,1,5,53,10,52745
3,1,1,6,105,13,168471
3,1,1,7,25,4,5100
3,1,1,8,13,3,42372
3,1,1,9,2375,456,1911772
3,1,2,1,276,28,106668
3,1,2,2,73,14,30232
3,1,2,3,69,14,61941
3,1,2,4,73,5,66851
3,1,2,5,52,7,57304
3,1,2,6,140,9,59193
3,1,2,7,43,3,5646
3,1,2,8,13,0,0
3,1,2,9,2472,297,1413344
3,1,3,1,299,36,196119
3,1,3,2,88,11,55966
3,1,3,3,68,6,13026
3,1,3,4,65,2,2186
3,1,3,5,60,8,23091
3,1,3,6,136,6,74018
3,1,3,7,49,2,3044
3,1,3,8,16,3,12589
3,1,3,9,2412,256,1266725
3,1,4,1,336,29,98220
3,1,4,2,119,9,61145
3,1,4,3,76,3,16285
3,1,4,4,45,0,0
3,1,4,5,70,11,67180
3,1,4,6,116,10,25912
3,1,4,7,59,2,3783
3,1,4,8,19,0,0
3,1,4,9,2420,209,905418
3,1,5,1,480,41,129476
3,1,5,2,164,16,133759
3,1,5,3,123,7,48811
3,1,5,4,51,2,4868
3,1,5,5,103,3,13127
3,1,5,6,160,15,44864
3,1,5,7,73,9,56128
3,1,5,8,33,2,1512
3,1,5,9,3215,274,1088795
3,1,6,1,1111,84,399470
3,1,6,2,327,32,100742
3,1,6,3,300,47,234344
3,1,6,4,53,2,6842
3,1,6,5,209,23,67428
3,1,6,6,304,20,70487
3,1,6,7,185,16,90830
3,1,6,8,62,2,62884
3,1,6,9,6151,625,3050824
3,1,7,1,4918,236,1326307
3,1,7,2,1398,72,342421
3,1,7,3,2350,45,142660
3,1,7,4,252,15,25307
3,1,7,5,881,52,195295
3,1,7,6,1521,58,307753
3,1,7,7,867,45,110181
3,1,7,8,306,7,68657
3,1,7,9,26905,1481,6783057
3,2,1,1,230,30,169977
3,2,1,2,52,6,49480
3,2,1,3,42,6,19600
3,2,1,4,72,10,15713
3,2,1,5,64,10,45597
3,2,1,6,140,10,24925
3,2,1,7,41,7,29069
3,2,1,8,15,4,19159
3,2,1,9,2137,283,1188075
3,2,2,1,304,33,230024
3,2,2,2,74,9,25481
3,2,2,3,45,3,7212
3,2,2,4,74,1,700
3,2,2,5,72,7,12796
3,2,2,6,201,13,30337
3,2,2,7,50,4,35898
3,2,2,8,12,1,5716
3,2,2,9,2535,241,1050750
3,2,3,1,347,28,127469
3,2,3,2,75,13,71451
3,2,3,3,49,6,18584
3,2,3,4,68,4,11510
3,2,3,5,76,11,59922
3,2,3,6,211,12,52349
3,2,3,7,59,6,19142
3,2,3,8,21,1,309
3,2,3,9,2607,222,986926
3,2,4,1,399,30,121008
3,2,4,2,116,13,31036
3,2,4,3,61,5,15124
3,2,4,4,47,2,4809
3,2,4,5,82,9,79729
3,2,4,6,179,16,57389
3,2,4,7,74,4,13266
3,2,4,8,22,2,6506
3,2,4,9,2804,185,983263
3,2,5,1,578,44,164565
3,2,5,2,187,17,37312
3,2,5,3,99,5,70395
3,2,5,4,38,2,3340
3,2,5,5,115,12,36371
3,2,5,6,231,8,12793
3,2,5,7,113,3,7993
3,2,5,8,50,1,7647
3,2,5,9,3786,255,1135808
3,2,6,1,1205,64,297189
3,2,6,2,348,20,87441
3,2,6,3,319,21,132964
3,2,6,4,60,2,2113
3,2,6,5,233,14,55184
3,2,6,6,402,21,79575
3,2,6,7,229,16,63658
3,2,6,8,114,5,69056
3,2,6,9,7233,477,2168736
3,2,7,1,6206,291,1529817
3,2,7,2,1779,97,442424
3,2,7,3,1575,60,408143
3,2,7,4,258,12,34524
3,2,7,5,1214,67,253711
3,2,7,6,1993,65,250177
3,2,7,7,1295,52,296108
3,2,7,8,503,27,92809
3,2,7,9,33845,1504,7698320
3,3,1,1,253,35,165902
3,3,1,2,56,6,15001
3,3,1,3,42,5,19085
3,3,1,4,62,7,47058
3,3,1,5,76,18,103398
3,3,1,6,171,18,101601
3,3,1,7,38,5,7103
3,3,1,8,14,1,31442
3,3,1,9,2164,294,1266124
3,3,2,1,354,43,270211
3,3,2,2,56,7,45695
3,3,2,3,33,1,6939
3,3,2,4,73,5,12904
3,3,2,5,89,11,26769
3,3,2,6,257,19,67830
3,3,2,7,56,6,21727
3,3,2,8,27,2,7009
3,3,2,9,2691,234,1261608
3,3,3,1,389,25,131184
3,3,3,2,71,7,44201
3,3,3,3,38,1,4375
3,3,3,4,71,2,5964
3,3,3,5,87,11,42621
3,3,3,6,250,20,173266
3,3,3,7,75,6,39333
3,3,3,8,35,5,22418
3,3,3,9,2786,190,858717
3,3,4,1,450,29,195168
3,3,4,2,107,7,51072
3,3,4,3,51,3,34954
3,3,4,4,50,2,11339
3,3,4,5,94,3,4737
3,3,4,6,230,14,69250
3,3,4,7,94,6,23703
3,3,4,8,35,2,33142
3,3,4,9,2824,174,804353
3,3,5,1,623,41,164990
3,3,5,2,165,8,49197
3,3,5,3,107,6,9345
3,3,5,4,54,2,4256
3,3,5,5,116,13,33965
3,3,5,6,289,14,64812
3,3,5,7,131,9,58316
3,3,5,8,68,3,5923
3,3,5,9,3795,233,1102967
3,3,6,1,1212,55,204035
3,3,6,2,332,27,160170
3,3,6,3,244,21,112398
3,3,6,4,70,4,7558
3,3,6,5,286,13,72538
3,3,6,6,502,17,79132
3,3,6,7,261,16,66095
3,3,6,8,141,11,99429
3,3,6,9,6982,418,2296256
3,3,7,1,6637,243,1109910
3,3,7,2,1682,71,377529
3,3,7,3,1688,47,211505
3,3,7,4,320,6,49844
3,3,7,5,1402,55,204355
3,3,7,6,2650,76,436313
3,3,7,7,1414,56,314402
3,3,7,8,822,32,244466
3,3,7,9,36595,1462,7765626
3,4,1,1,560,82,333333
3,4,1,2,79,9,83389
3,4,1,3,53,5,10472
3,4,1,4,140,4,13468
3,4,1,5,125,21,139195
3,4,1,6,396,34,101041
3,4,1,7,65,4,13716
3,4,1,8,26,3,14203
3,4,1,9,4174,477,2028574
3,4,2,1,759,75,461748
3,4,2,2,96,9,12058
3,4,2,3,62,2,10300
3,4,2,4,162,7,38966
3,4,2,5,171,17,79870
3,4,2,6,581,31,233888
3,4,2,7,142,11,85892
3,4,2,8,33,3,13031
3,4,2,9,5180,407,2133862
3,4,3,1,882,67,325944
3,4,3,2,141,6,22634
3,4,3,3,81,1,3416
3,4,3,4,121,3,70053
3,4,3,5,169,12,23087
3,4,3,6,566,24,143467
3,4,3,7,142,13,34102
3,4,3,8,60,5,41928
3,4,3,9,5273,323,1769366
3,4,4,1,930,53,294693
3,4,4,2,186,13,91535
3,4,4,3,103,2,12215
3,4,4,4,95,3,36777
3,4,4,5,202,16,71636
3,4,4,6,507,21,47506
3,4,4,7,154,9,81848
3,4,4,8,80,2,7466
3,4,4,9,5361,290,1551046
3,4,5,1,1240,72,441578
3,4,5,2,272,16,87667
3,4,5,3,230,14,83355
3,4,5,4,96,2,8741
3,4,5,5,263,18,44435
3,4,5,6,575,17,65613
3,4,5,7,240,14,28430
3,4,5,8,132,2,7701
3,4,5,9,7316,332,2030248
3,4,6,1,2279,101,444371
3,4,6,2,588,31,122651
3,4,6,3,504,14,103196
3,4,6,4,125,2,31519
3,4,6,5,520,26,116043
3,4,6,6,970,40,193661
3,4,6,7,484,22,64380
3,4,6,8,317,15,150041
3,4,6,9,13376,616,3207923
3,4,7,1,14599,444,2526990
3,4,7,2,3770,118,775364
3,4,7,3,3658,104,731869
3,4,7,4,640,8,13695
3,4,7,5,3019,95,485071
3,4,7,6,6257,150,730785
3,4,7,7,2890,115,676893
3,4,7,8,2160,55,380519
3,4,7,9,79615,2548,13203616
3,5,1,1,66,11,86991
3,5,1,2,12,2,4206
3,5,1,3,10,0,0
3,5,1,4,13,1,31442
3,5,1,5,16,1,617
3,5,1,6,45,1,1606
3,5,1,7,10,4,8787
3,5,1,8,8,0,0
3,5,1,9,582,82,288772
3,5,2,1,96,4,40620
3,5,2,2,15,1,1234
3,5,2,3,9,0,0
3,5,2,4,14,0,0
3,5,2,5,23,5,10834
3,5,2,6,65,6,80041
3,5,2,7,16,0,0
3,5,2,8,7,0,0
3,5,2,9,682,66,251890
3,5,3,1,106,9,52060
3,5,3,2,26,3,5523
3,5,3,3,13,1,901
3,5,3,4,13,1,2693
3,5,3,5,28,1,1300
3,5,3,6,69,4,10121
3,5,3,7,24,0,0
3,5,3,8,7,0,0
3,5,3,9,697,44,270042
3,5,4,1,123,6,40268
3,5,4,2,29,1,1100
3,5,4,3,19,1,1855
3,5,4,4,10,0,0
3,5,4,5,29,0,0
3,5,4,6,71,4,11034
3,5,4,7,23,1,3056
3,5,4,8,11,2,32355
3,5,4,9,741,44,249540
3,5,5,1,186,6,97634
3,5,5,2,39,2,32030
3,5,5,3,32,2,6342
3,5,5,4,6,0,0
3,5,5,5,34,5,13825
3,5,5,6,88,2,32833
3,5,5,7,36,4,3897
3,5,5,8,29,1,31442
3,5,5,9,1018,56,268945
3,5,6,1,360,15,218411
3,5,6,2,79,10,50649
3,5,6,3,74,5,8906
3,5,6,4,13,0,0
3,5,6,5,83,6,49166
3,5,6,6,138,4,18433
3,5,6,7,80,3,12478
3,5,6,8,55,2,4486
3,5,6,9,1942,89,319443
3,5,7,1,1855,65,358790
3,5,7,2,457,25,217118
3,5,7,3,443,16,74000
3,5,7,4,61,2,3887
3,5,7,5,367,21,109371
3,5,7,6,633,19,145079
3,5,7,7,386,14,41905
3,5,7,8,252,13,92133
3,5,7,9,9545,396,1983959
3,6,1,1,188,35,171592
3,6,1,2,24,4,15092
3,6,1,3,14,2,32158
3,6,1,4,33,1,4487
3,6,1,5,42,8,13586
3,6,1,6,136,19,42561
3,6,1,7,31,1,556
3,6,1,8,16,4,4684
3,6,1,9,1239,140,720084
3,6,2,1,260,30,142441
3,6,2,2,30,1,2640
3,6,2,3,16,0,0
3,6,2,4,37,1,9869
3,6,2,5,59,4,11865
3,6,2,6,210,8,80833
3,6,2,7,48,6,17574
3,6,2,8,27,2,9713
3,6,2,9,1627,125,470051
3,6,3,1,300,19,169849
3,6,3,2,28,0,0
3,6,3,3,23,0,0
3,6,3,4,31,0,0
3,6,3,5,54,4,4943
3,6,3,6,181,11,42891
3,6,3,7,46,0,0
3,6,3,8,38,3,3450
3,6,3,9,1633,92,403488
3,6,4,1,301,17,117401
3,6,4,2,44,5,12173
3,6,4,3,28,0,0
3,6,4,4,19,0,0
3,6,4,5,54,3,5949
3,6,4,6,163,7,25358
3,6,4,7,59,5,43236
3,6,4,8,46,2,1803
3,6,4,9,1578,80,447128
3,6,5,1,386,16,110578
3,6,5,2,84,6,13624
3,6,5,3,64,1,1518
3,6,5,4,24,0,0
3,6,5,5,79,6,20737
3,6,5,6,199,7,20881
3,6,5,7,69,2,9151
3,6,5,8,61,3,18101
3,6,5,9,2018,112,644496
3,6,6,1,773,32,120917
3,6,6,2,189,11,69871
3,6,6,3,141,4,49093
3,6,6,4,35,0,0
3,6,6,5,161,7,53193
3,6,6,6,329,17,79488
3,6,6,7,137,11,36441
3,6,6,8,156,4,35412
3,6,6,9,3856,164,981465
3,6,7,1,4739,156,1031429
3,6,7,2,1134,45,235652
3,6,7,3,1078,32,168555
3,6,7,4,151,2,5982
3,6,7,5,971,35,95823
3,6,7,6,1928,45,368238
3,6,7,7,889,27,89649
3,6,7,8,901,35,228604
3,6,7,9,22985,799,4265828
3,7,1,1,3,1,303
3,7,1,2,2,0,0
3,7,1,3,1,0,0
3,7,1,4,2,0,0
3,7,1,5,1,1,906
3,7,1,6,9,0,0
3,7,1,7,2,0,0
3,7,1,8,0,0,0
3,7,1,9,79,6,66711
3,7,2,1,19,0,0
3,7,2,2,3,0,0
3,7,2,3,0,0,0
3,7,2,4,6,1,31442
3,7,2,5,4,1,31442
3,7,2,6,10,0,0
3,7,2,7,3,0,0
3,7,2,8,1,0,0
3,7,2,9,112,10,33310
3,7,3,1,15,1,1441
3,7,3,2,4,0,0
3,7,3,3,1,0,0
3,7,3,4,1,0,0
3,7,3,5,2,0,0
3,7,3,6,7,0,0
3,7,3,7,1,0,0
3,7,3,8,1,0,0
3,7,3,9,106,8,14449
3,7,4,1,14,0,0
3,7,4,2,2,1,794
3,7,4,3,1,0,0
3,7,4,4,1,0,0
3,7,4,5,4,0,0
3,7,4,6,6,0,0
3,7,4,7,2,3,11762
3,7,4,8,2,0,0
3,7,4,9,111,5,41333
3,7,5,1,14,0,0
3,7,5,2,5,0,0
3,7,5,3,3,0,0
3,7,5,4,4,0,0
3,7,5,5,7,0,0
3,7,5,6,14,0,0
3,7,5,7,5,0,0
3,7,5,8,1,0,0
3,7,5,9,146,7,49986
3,7,6,1,31,2,4738
3,7,6,2,14,0,0
3,7,6,3,5,0,0
3,7,6,4,6,0,0
3,7,6,5,4,2,2063
3,7,6,6,13,1,1769
3,7,6,7,10,0,0
3,7,6,8,6,0,0
3,7,6,9,292,10,22382
3,7,7,1,288,12,41206
3,7,7,2,85,1,1200
3,7,7,3,30,1,31442
3,7,7,4,19,1,3608
3,7,7,5,38,1,1455
3,7,7,6,113,2,7618
3,7,7,7,41,2,34979
3,7,7,8,35,0,0
3,7,7,9,1720,57,226934
4,1,1,1,49,11,23218
4,1,1,2,23,6,14940
4,1,1,3,34,9,101091
4,1,1,4,6,0,0
4,1,1,5,18,4,4164
4,1,1,6,19,1,3044
4,1,1,7,4,0,0
4,1,1,8,4,1,400
4,1,1,9,602,103,381138
4,1,2,1,78,6,16812
4,1,2,2,29,5,9656
4,1,2,3,36,6,10543
4,1,2,4,11,1,8231
4,1,2,5,19,3,4571
4,1,2,6,32,3,38542
4,1,2,7,14,1,954
4,1,2,8,4,0,0
4,1,2,9,736,86,391512
4,1,3,1,86,4,14451
4,1,3,2,36,2,3784
4,1,3,3,34,6,8274
4,1,3,4,12,1,917
4,1,3,5,19,4,14439
4,1,3,6,33,4,12608
4,1,3,7,19,1,900
4,1,3,8,9,3,4956
4,1,3,9,730,88,599538
4,1,4,1,106,15,90111
4,1,4,2,35,6,38663
4,1,4,3,53,1,3000
4,1,4,4,7,1,4686
4,1,4,5,18,3,3372
4,1,4,6,35,2,3178
4,1,4,7,17,0,0
4,1,4,8,12,0,0
4,1,4,9,766,71,430373
4,1,5,1,166,7,40729
4,1,5,2,67,5,43356
4,1,5,3,49,7,17562
4,1,5,4,11,1,993
4,1,5,5,33,5,47591
4,1,5,6,54,4,15205
4,1,5,7,18,2,8643
4,1,5,8,17,2,3314
4,1,5,9,1065,96,403899
4,1,6,1,345,32,184118
4,1,6,2,125,15,34894
4,1,6,3,130,11,66353
4,1,6,4,15,0,0
4,1,6,5,73,10,122551
4,1,6,6,95,4,9655
4,1,6,7,52,3,33098
4,1,6,8,35,5,12104
4,1,6,9,2154,173,702215
4,1,7,1,1529,87,483084
4,1,7,2,568,35,209646
4,1,7,3,563,34,107767
4,1,7,4,66,3,12950
4,1,7,5,278,24,93032
4,1,7,6,395,10,27088
4,1,7,7,231,5,22495
4,1,7,8,164,8,27401
4,1,7,9,8738,520,2437429
4,2,1,1,52,9,50023
4,2,1,2,18,3,33786
4,2,1,3,13,0,0
4,2,1,4,7,2,6906
4,2,1,5,18,7,18501
4,2,1,6,35,2,5317
4,2,1,7,10,2,1329
4,2,1,8,4,2,3465
4,2,1,9,510,83,357640
4,2,2,1,74,7,45054
4,2,2,2,26,4,12796
4,2,2,3,17,1,148
4,2,2,4,14,0,0
4,2,2,5,23,2,6103
4,2,2,6,58,5,36882
4,2,2,7,20,2,4383
4,2,2,8,7,0,0
4,2,2,9,721,98,456585
4,2,3,1,127,11,28994
4,2,3,2,36,4,8066
4,2,3,3,21,2,10160
4,2,3,4,16,0,0
4,2,3,5,20,1,6861
4,2,3,6,56,3,7874
4,2,3,7,26,3,10624
4,2,3,8,10,2,6237
4,2,3,9,856,62,303872
4,2,4,1,138,16,134301
4,2,4,2,41,3,7068
4,2,4,3,35,3,38011
4,2,4,4,12,0,0
4,2,4,5,24,6,25737
4,2,4,6,55,2,2560
4,2,4,7,34,2,34833
4,2,4,8,12,0,0
4,2,4,9,904,70,360223
4,2,5,1,200,14,66020
4,2,5,2,68,8,23998
4,2,5,3,44,1,2288
4,2,5,4,12,0,0
4,2,5,5,37,2,5688
4,2,5,6,67,4,5756
4,2,5,7,38,3,4812
4,2,5,8,20,4,36477
4,2,5,9,1306,99,321088
4,2,6,1,453,31,97902
4,2,6,2,166,17,158030
4,2,6,3,127,10,66279
4,2,6,4,17,1,1800
4,2,6,5,92,8,9753
4,2,6,6,135,3,8171
4,2,6,7,83,7,14223
4,2,6,8,66,1,4332
4,2,6,9,2702,157,912421
4,2,7,1,2111,107,595146
4,2,7,2,709,43,155553
4,2,7,3,718,28,222823
4,2,7,4,56,2,5417
4,2,7,5,404,21,52327
4,2,7,6,631,30,78258
4,2,7,7,411,26,73043
4,2,7,8,328,5,14963
4,2,7,9,12170,598,3223609
4,3,1,1,70,12,55595
4,3,1,2,18,1,8064
4,3,1,3,23,2,6214
4,3,1,4,11,1,8670
4,3,1,5,13,3,2138
4,3,1,6,48,5,12105
4,3,1,7,12,0,0
4,3,1,8,6,0,0
4,3,1,9,499,52,237894
4,3,2,1,113,11,25656
4,3,2,2,27,1,3915
4,3,2,3,26,7,41229
4,3,2,4,11,1,3468
4,3,2,5,24,3,2732
4,3,2,6,79,6,18099
4,3,2,7,19,4,8908
4,3,2,8,7,1,31442
4,3,2,9,785,74,291386
4,3,3,1,132,11,112977
4,3,3,2,32,2,5747
4,3,3,3,24,1,31442
4,3,3,4,12,1,2400
4,3,3,5,31,1,939
4,3,3,6,92,6,47618
4,3,3,7,19,3,10335
4,3,3,8,7,0,0
4,3,3,9,882,46,198404
4,3,4,1,181,9,45410
4,3,4,2,46,0,0
4,3,4,3,30,0,0
4,3,4,4,9,0,0
4,3,4,5,31,6,44195
4,3,4,6,90,3,10382
4,3,4,7,31,2,3523
4,3,4,8,17,3,10519
4,3,4,9,959,73,380081
4,3,5,1,232,9,86821
4,3,5,2,56,0,0
4,3,5,3,48,2,34624
4,3,5,4,13,0,0
4,3,5,5,52,2,3952
4,3,5,6,107,6,46145
4,3,5,7,40,5,11704
4,3,5,8,38,0,0
4,3,5,9,1405,95,417261
4,3,6,1,502,23,107693
4,3,6,2,136,14,84314
4,3,6,3,140,5,9624
4,3,6,4,17,0,0
4,3,6,5,108,5,17978
4,3,6,6,144,11,27311
4,3,6,7,87,8,42469
4,3,6,8,82,4,18826
4,3,6,9,2806,139,733705
4,3,7,1,2313,107,695827
4,3,7,2,677,29,146054
4,3,7,3,748,33,169849
4,3,7,4,80,5,42430
4,3,7,5,504,18,66503
4,3,7,6,863,25,124101
4,3,7,7,513,17,59311
4,3,7,8,470,22,121196
4,3,7,9,13952,584,2899470
4,4,1,1,172,21,105510
4,4,1,2,26,0,0
4,4,1,3,31,5,40261
4,4,1,4,14,0,0
4,4,1,5,31,3,43190
4,4,1,6,104,9,25652
4,4,1,7,21,4,7244
4,4,1,8,11,2,2280
4,4,1,9,945,90,407441
4,4,2,1,270,31,271937
4,4,2,2,45,4,18343
4,4,2,3,43,4,16229
4,4,2,4,35,2,1770
4,4,2,5,49,7,18027
4,4,2,6,164,13,55542
4,4,2,7,31,2,2738
4,4,2,8,22,2,1710
4,4,2,9,1582,144,690199
4,4,3,1,324,21,81074
4,4,3,2,67,5,7762
4,4,3,3,36,2,2184
4,4,3,4,18,1,1500
4,4,3,5,50,6,12520
4,4,3,6,164,15,139115
4,4,3,7,49,5,9487
4,4,3,8,28,2,34108
4,4,3,9,1688,120,623928
4,4,4,1,328,21,88706
4,4,4,2,80,5,6326
4,4,4,3,56,3,5281
4,4,4,4,21,0,0
4,4,4,5,64,4,39255
4,4,4,6,174,9,57665
4,4,4,7,50,3,7652
4,4,4,8,56,4,9368
4,4,4,9,1908,101,489424
4,4,5,1,481,30,86157
4,4,5,2,131,4,41552
4,4,5,3,93,4,45751
4,4,5,4,22,1,2193
4,4,5,5,83,8,27643
4,4,5,6,228,12,113934
4,4,5,7,90,5,14731
4,4,5,8,84,7,13308
4,4,5,9,2776,160,865925
4,4,6,1,979,44,304384
4,4,6,2,285,12,110861
4,4,6,3,259,15,36007
4,4,6,4,37,0,0
4,4,6,5,180,6,57514
4,4,6,6,399,18,123132
4,4,6,7,160,7,42550
4,4,6,8,179,15,135172
4,4,6,9,5554,255,1529493
4,4,7,1,5092,187,1200157
4,4,7,2,1618,67,364718
4,4,7,3,1711,74,348802
4,4,7,4,166,4,7563
4,4,7,5,1099,50,223397
4,4,7,6,2289,62,240148
4,4,7,7,1101,46,264633
4,4,7,8,1289,43,195629
4,4,7,9,30874,1186,6834531
4,5,1,1,14,2,2676
4,5,1,2,4,2,9979
4,5,1,3,2,0,0
4,5,1,4,0,0,0
4,5,1,5,5,1,600
4,5,1,6,12,2,7638
4,5,1,7,1,0,0
4,5,1,8,1,0,0
4,5,1,9,110,14,61788
4,5,2,1,22,1,1825
4,5,2,2,6,0,0
4,5,2,3,4,0,0
4,5,2,4,4,0,0
4,5,2,5,5,0,0
4,5,2,6,19,1,1258
4,5,2,7,4,1,72
4,5,2,8,2,0,0
4,5,2,9,185,17,134556
4,5,3,1,29,3,2343
4,5,3,2,11,1,5762
4,5,3,3,6,0,0
4,5,3,4,3,0,0
4,5,3,5,7,1,956
4,5,3,6,26,2,11007
4,5,3,7,4,1,2330
4,5,3,8,2,0,0
4,5,3,9,211,12,49731
4,5,4,1,41,1,4333
4,5,4,2,9,1,31442
4,5,4,3,9,1,1684
4,5,4,4,3,0,0
4,5,4,5,9,0,0
4,5,4,6,21,1,5368
4,5,4,7,8,0,0
4,5,4,8,4,0,0
4,5,4,9,235,15,106855
4,5,5,1,60,5,18003
4,5,5,2,14,0,0
4,5,5,3,10,1,31442
4,5,5,4,1,0,0
4,5,5,5,12,0,0
4,5,5,6,26,0,0
4,5,5,7,15,0,0
4,5,5,8,10,0,0
4,5,5,9,348,30,250211
4,5,6,1,137,12,96970
4,5,6,2,31,1,1503
4,5,6,3,39,3,35613
4,5,6,4,2,0,0
4,5,6,5,32,3,6302
4,5,6,6,40,3,34383
4,5,6,7,27,1,31442
4,5,6,8,26,2,34167
4,5,6,9,755,47,255811
4,5,7,1,593,21,123958
4,5,7,2,159,11,47492
4,5,7,3,196,9,30277
4,5,7,4,13,0,0
4,5,7,5,105,1,1978
4,5,7,6,195,4,10588
4,5,7,7,138,7,67566
4,5,7,8,149,3,9709
4,5,7,9,3152,156,768061
4,6,1,1,60,10,31740
4,6,1,2,8,0,0
4,6,1,3,7,1,2360
4,6,1,4,2,0,0
4,6,1,5,9,2,13931
4,6,1,6,26,3,32660
4,6,1,7,7,2,4415
4,6,1,8,3,0,0
4,6,1,9,283,22,56172
4,6,2,1,94,11,25417
4,6,2,2,8,0,0
4,6,2,3,6,0,0
4,6,2,4,4,0,0
4,6,2,5,12,3,41995
4,6,2,6,71,3,11924
4,6,2,7,11,1,31442
4,6,2,8,10,0,0
4,6,2,9,469,34,209378
4,6,3,1,104,8,51392
4,6,3,2,16,1,1363
4,6,3,3,9,2,4211
4,6,3,4,6,0,0
4,6,3,5,11,1,3759
4,6,3,6,58,3,10592
4,6,3,7,20,2,8013
4,6,3,8,12,1,6140
4,6,3,9,517,34,165960
4,6,4,1,103,8,23206
4,6,4,2,22,0,0
4,6,4,3,18,1,1955
4,6,4,4,3,0,0
4,6,4,5,15,2,5460
4,6,4,6,57,0,0
4,6,4,7,19,2,8463
4,6,4,8,25,1,2735
4,6,4,9,525,29,191633
4,6,5,1,129,5,14134
4,6,5,2,32,4,15546
4,6,5,3,31,1,2965
4,6,5,4,4,0,0
4,6,5,5,29,0,0
4,6,5,6,71,3,36493
4,6,5,7,27,5,10031
4,6,5,8,37,1,6323
4,6,5,9,778,35,203397
4,6,6,1,270,15,75377
4,6,6,2,83,3,5504
4,6,6,3,80,3,9347
4,6,6,4,7,0,0
4,6,6,5,65,3,13395
4,6,6,6,115,4,14816
4,6,6,7,53,5,7421
4,6,6,8,84,2,10085
4,6,6,9,1566,70,289782
4,6,7,1,1647,55,309988
4,6,7,2,478,23,155510
4,6,7,3,484,20,94528
4,6,7,4,36,1,31442
4,6,7,5,335,16,89775
4,6,7,6,732,10,57899
4,6,7,7,315,7,19365
4,6,7,8,568,24,210966
4,6,7,9,9305,356,2121962
4,7,1,1,2,0,0
4,7,1,2,0,0,0
4,7,1,3,1,0,0
4,7,1,5,1,0,0
4,7,1,6,3,0,0
4,7,1,7,1,0,0
4,7,1,9,25,2,4465
4,7,2,1,4,0,0
4,7,2,2,1,0,0
4,7,2,3,0,0,0
4,7,2,4,2,0,0
4,7,2,5,1,0,0
4,7,2,6,4,1,429
4,7,2,7,0,0,0
4,7,2,9,28,2,5216
4,7,3,1,3,0,0
4,7,3,2,2,0,0
4,7,3,3,0,0,0
4,7,3,5,1,0,0
4,7,3,6,5,1,1073
4,7,3,9,32,3,7305
4,7,4,1,4,1,626
4,7,4,2,3,0,0
4,7,4,3,1,0,0
4,7,4,4,0,0,0
4,7,4,5,3,0,0
4,7,4,6,3,0,0
4,7,4,7,0,0,0
4,7,4,8,2,0,0
4,7,4,9,36,3,4855
4,7,5,1,10,1,4125
4,7,5,2,2,0,0
4,7,5,3,0,0,0
4,7,5,4,1,0,0
4,7,5,5,2,0,0
4,7,5,6,3,0,0
4,7,5,8,1,0,0
4,7,5,9,47,2,2864
4,7,6,1,18,0,0
4,7,6,2,6,0,0
4,7,6,3,4,1,1140
4,7,6,4,3,0,0
4,7,6,5,3,1,5000
4,7,6,6,8,0,0
4,7,6,7,3,0,0
4,7,6,8,2,0,0
4,7,6,9,101,4,14546
4,7,7,1,87,1,913
4,7,7,2,37,3,6744
4,7,7,3,13,0,0
4,7,7,4,7,0,0
4,7,7,5,21,0,0
4,7,7,6,38,0,0
4,7,7,7,12,0,0
4,7,7,8,14,0,0
4,7,7,9,661,15,79549
5,1,1,1,39,8,19055
5,1,1,2,33,14,70516
5,1,1,3,26,6,12853
5,1,1,4,5,0,0
5,1,1,5,6,1,5315
5,1,1,6,11,2,14735
5,1,1,7,4,2,3699
5,1,1,8,9,4,2745
5,1,1,9,644,172,802056
5,1,2,1,40,7,53251
5,1,2,2,31,8,64325
5,1,2,3,40,6,51965
5,1,2,4,5,1,8390
5,1,2,5,11,0,0
5,1,2,6,20,2,8498
5,1,2,7,9,0,0
5,1,2,8,8,2,31442
5,1,2,9,698,122,505940
5,1,3,1,55,8,17149
5,1,3,2,36,8,46332
5,1,3,3,32,6,42364
5,1,3,4,4,0,0
5,1,3,5,11,0,0
5,1,3,6,19,1,1000
5,1,3,7,9,2,8327
5,1,3,8,15,5,39056
5,1,3,9,618,98,524453
5,1,4,1,61,3,67055
5,1,4,2,41,5,18027
5,1,4,3,32,0,0
5,1,4,4,2,0,0
5,1,4,5,17,1,1725
5,1,4,6,21,3,10781
5,1,4,7,10,1,3530
5,1,4,8,21,3,3762
5,1,4,9,617,81,449815
5,1,5,1,92,11,18385
5,1,5,2,66,10,47270
5,1,5,3,59,5,40553
5,1,5,4,2,0,0
5,1,5,5,18,2,8860
5,1,5,6,23,1,1845
5,1,5,7,11,3,36029
5,1,5,8,23,1,3801
5,1,5,9,820,111,426845
5,1,6,1,184,8,30510
5,1,6,2,117,15,66600
5,1,6,3,115,11,56739
5,1,6,4,5,0,0
5,1,6,5,42,4,6990
5,1,6,6,47,4,4778
5,1,6,7,23,1,2943
5,1,6,8,56,8,105275
5,1,6,9,1623,154,653118
5,1,7,1,718,47,208573
5,1,7,2,401,35,150942
5,1,7,3,440,30,266009
5,1,7,4,21,1,2000
5,1,7,5,145,9,53228
5,1,7,6,183,9,15099
5,1,7,7,102,5,8972
5,1,7,8,186,14,31626
5,1,7,9,5539,416,2249007
5,2,1,1,43,4,13238
5,2,1,2,22,5,8608
5,2,1,3,22,1,2495
5,2,1,4,7,2,5307
5,2,1,5,10,1,6866
5,2,1,6,20,0,0
5,2,1,7,6,0,0
5,2,1,8,4,0,0
5,2,1,9,451,87,438695
5,2,2,1,53,10,68513
5,2,2,2,26,4,8435
5,2,2,3,30,3,8813
5,2,2,4,7,0,0
5,2,2,5,12,2,3694
5,2,2,6,28,2,4249
5,2,2,7,11,1,2686
5,2,2,8,8,0,0
5,2,2,9,576,76,302181
5,2,3,1,72,8,51707
5,2,3,2,32,6,25061
5,2,3,3,28,3,34674
5,2,3,4,6,0,0
5,2,3,5,10,2,2855
5,2,3,6,23,1,8000
5,2,3,7,13,1,435
5,2,3,8,16,1,4005
5,2,3,9,612,64,228163
5,2,4,1,75,3,12022
5,2,4,2,39,2,3970
5,2,4,3,27,1,1467
5,2,4,4,5,0,0
5,2,4,5,14,0,0
5,2,4,6,38,1,31442
5,2,4,7,15,2,12253
5,2,4,8,20,2,7718
5,2,4,9,704,91,439898
5,2,5,1,122,2,13341
5,2,5,2,50,4,38056
5,2,5,3,57,0,0
5,2,5,4,5,0,0
5,2,5,5,25,1,31442
5,2,5,6,39,3,3731
5,2,5,7,19,2,11144
5,2,5,8,39,3,5673
5,2,5,9,1004,87,547051
5,2,6,1,276,24,84068
5,2,6,2,121,12,40273
5,2,6,3,140,11,72080
5,2,6,4,6,0,0
5,2,6,5,65,7,110527
5,2,6,6,71,3,4822
5,2,6,7,45,1,3571
5,2,6,8,81,5,38993
5,2,6,9,2109,172,625489
5,2,7,1,1110,65,373173
5,2,7,2,485,43,139960
5,2,7,3,612,34,157871
5,2,7,4,32,0,0
5,2,7,5,255,20,147025
5,2,7,6,314,16,102075
5,2,7,7,203,5,14472
5,2,7,8,390,20,141846
5,2,7,9,8730,517,2613039
5,3,1,1,63,6,48495
5,3,1,2,23,5,22703
5,3,1,3,18,3,15788
5,3,1,4,7,1,992
5,3,1,5,9,2,31615
5,3,1,6,25,3,2575
5,3,1,7,7,3,4422
5,3,1,8,4,2,7451
5,3,1,9,441,54,251193
5,3,2,1,75,12,61398
5,3,2,2,22,1,1450
5,3,2,3,27,3,5061
5,3,2,4,6,2,3671
5,3,2,5,13,2,4928
5,3,2,6,33,5,69277
5,3,2,7,11,0,0
5,3,2,8,11,2,2629
5,3,2,9,598,68,264917
5,3,3,1,94,13,54694
5,3,3,2,32,3,34055
5,3,3,3,29,2,1426
5,3,3,4,6,0,0
5,3,3,5,20,3,6534
5,3,3,6,44,0,0
5,3,3,7,16,2,11808
5,3,3,8,12,0,0
5,3,3,9,649,62,329058
5,3,4,1,107,11,94918
5,3,4,2,32,3,2313
5,3,4,3,34,4,12288
5,3,4,4,3,0,0
5,3,4,5,23,3,5911
5,3,4,6,43,2,10115
5,3,4,7,12,1,3392
5,3,4,8,22,0,0
5,3,4,9,730,63,235765
5,3,5,1,150,8,37006
5,3,5,2,58,5,37990
5,3,5,3,49,6,11364
5,3,5,4,7,0,0
5,3,5,5,34,4,35822
5,3,5,6,60,4,6347
5,3,5,7,23,2,6534
5,3,5,8,45,3,4969
5,3,5,9,1055,69,281281
5,3,6,1,300,22,76756
5,3,6,2,125,12,92958
5,3,6,3,146,5,19178
5,3,6,4,10,0,0
5,3,6,5,63,5,20281
5,3,6,6,102,6,43173
5,3,6,7,51,7,28491
5,3,6,8,116,4,7403
5,3,6,9,2085,159,771665
5,3,7,1,1291,41,293493
5,3,7,2,521,29,138830
5,3,7,3,676,28,235831
5,3,7,4,35,2,5829
5,3,7,5,300,23,120261
5,3,7,6,523,14,62013
5,3,7,7,266,13,36704
5,3,7,8,599,29,155051
5,3,7,9,9965,486,2560945
5,4,1,1,109,13,60096
5,4,1,2,32,3,36934
5,4,1,3,32,2,32365
5,4,1,4,10,1,3542
5,4,1,5,19,2,1065
5,4,1,6,51,5,42686
5,4,1,7,16,4,7357
5,4,1,8,16,1,9579
5,4,1,9,771,91,524705
5,4,2,1,180,26,103992
5,4,2,2,36,5,65836
5,4,2,3,50,2,32896
5,4,2,4,12,1,2825
5,4,2,5,36,6,11558
5,4,2,6,106,7,21782
5,4,2,7,22,1,7660
5,4,2,8,25,3,6659
5,4,2,9,1142,115,557417
5,4,3,1,199,18,70984
5,4,3,2,60,3,14822
5,4,3,3,47,2,4836
5,4,3,4,14,0,0
5,4,3,5,35,1,1985
5,4,3,6,107,5,40142
5,4,3,7,25,3,9201
5,4,3,8,35,1,1753
5,4,3,9,1220,113,506246
5,4,4,1,230,9,53377
5,4,4,2,60,4,15865
5,4,4,3,48,1,31442
5,4,4,4,13,1,800
5,4,4,5,34,1,2237
5,4,4,6,108,7,50019
5,4,4,7,32,5,19379
5,4,4,8,57,2,3886
5,4,4,9,1420,99,647293
5,4,5,1,317,15,80540
5,4,5,2,104,5,10570
5,4,5,3,103,4,5590
5,4,5,4,10,0,0
5,4,5,5,50,2,4525
5,4,5,6,123,5,16623
5,4,5,7,47,5,11325
5,4,5,8,93,8,43023
5,4,5,9,2015,125,644099
5,4,6,1,542,32,161900
5,4,6,2,216,6,14288
5,4,6,3,247,8,58500
5,4,6,4,11,0,0
5,4,6,5,134,13,95129
5,4,6,6,226,10,22795
5,4,6,7,108,8,25329
5,4,6,8,243,15,168380
5,4,6,9,4232,250,1304846
5,4,7,1,2947,122,613652
5,4,7,2,1118,58,255116
5,4,7,3,1396,53,337846
5,4,7,4,75,1,1962
5,4,7,5,636,29,196401
5,4,7,6,1291,50,333231
5,4,7,7,543,23,91399
5,4,7,8,1383,52,571579
5,4,7,9,21581,920,4847989
5,5,1,1,10,0,0
5,5,1,2,3,0,0
5,5,1,3,14,3,13529
5,5,1,4,1,0,0
5,5,1,5,3,1,4058
5,5,1,6,6,0,0
5,5,1,7,2,0,0
5,5,1,8,2,1,31442
5,5,1,9,117,17,121307
5,5,2,1,18,0,0
5,5,2,2,5,1,9007
5,5,2,3,5,0,0
5,5,2,4,0,0,0
5,5,2,5,6,1,4225
5,5,2,6,5,0,0
5,5,2,7,2,0,0
5,5,2,8,3,0,0
5,5,2,9,140,13,95879
5,5,3,1,20,0,0
5,5,3,2,6,0,0
5,5,3,3,3,1,779
5,5,3,4,1,0,0
5,5,3,5,2,0,0
5,5,3,6,9,0,0
5,5,3,7,3,0,0
5,5,3,8,11,2,6484
5,5,3,9,188,13,75374
5,5,4,1,21,3,35174
5,5,4,2,7,0,0
5,5,4,3,8,2,3611
5,5,4,5,3,0,0
5,5,4,6,13,0,0
5,5,4,7,1,0,0
5,5,4,8,11,0,0
5,5,4,9,177,12,61341
5,5,5,1,28,1,716
5,5,5,2,18,1,3896
5,5,5,3,21,1,1576
5,5,5,5,10,0,0
5,5,5,6,11,0,0
5,5,5,7,4,0,0
5,5,5,8,12,0,0
5,5,5,9,234,22,107065
5,5,6,1,55,1,3000
5,5,6,2,22,2,4502
5,5,6,3,42,2,3695
5,5,6,4,2,0,0
5,5,6,5,16,0,0
5,5,6,6,26,2,10259
5,5,6,7,14,3,5598
5,5,6,8,40,4,15915
5,5,6,9,569,42,186899
5,5,7,1,266,17,80318
5,5,7,2,117,6,48119
5,5,7,3,172,9,26797
5,5,7,4,2,0,0
5,5,7,5,62,4,10580
5,5,7,6,114,2,39981
5,5,7,7,49,2,5391
5,5,7,8,173,11,119909
5,5,7,9,2387,99,559278
5,6,1,1,31,4,8714
5,6,1,2,12,2,7747
5,6,1,3,3,1,31442
5,6,1,4,1,0,0
5,6,1,5,9,2,3112
5,6,1,6,16,0,0
5,6,1,7,6,0,0
5,6,1,8,7,1,994
5,6,1,9,202,15,120724
5,6,2,1,63,9,20731
5,6,2,2,8,0,0
5,6,2,3,11,0,0
5,6,2,4,2,0,0
5,6,2,5,15,1,3277
5,6,2,6,31,2,5291
5,6,2,7,9,1,4884
5,6,2,8,10,0,0
5,6,2,9,317,21,119632
5,6,3,1,64,2,5400
5,6,3,2,12,2,9525
5,6,3,3,13,0,0
5,6,3,4,2,0,0
5,6,3,5,11,1,31442
5,6,3,6,39,2,1953
5,6,3,7,13,3,9508
5,6,3,8,12,1,4581
5,6,3,9,360,26,139072
5,6,4,1,69,11,62295
5,6,4,2,13,1,2575
5,6,4,3,14,2,32158
5,6,4,4,1,0,0
5,6,4,5,8,1,31442
5,6,4,6,36,0,0
5,6,4,7,9,1,1135
5,6,4,8,23,1,3590
5,6,4,9,393,24,116662
5,6,5,1,87,5,17072
5,6,5,2,23,2,2283
5,6,5,3,23,0,0
5,6,5,4,2,0,0
5,6,5,5,11,2,32423
5,6,5,6,32,5,68672
5,6,5,7,11,0,0
5,6,5,8,33,0,0
5,6,5,9,533,36,186668
5,6,6,1,157,5,16138
5,6,6,2,49,3,64610
5,6,6,3,67,2,2977
5,6,6,4,1,0,0
5,6,6,5,40,1,1802
5,6,6,6,75,2,11385
5,6,6,7,26,1,1968
5,6,6,8,103,7,46010
5,6,6,9,1203,65,389080
5,6,7,1,889,34,261859
5,6,7,2,313,18,137743
5,6,7,3,416,11,79125
5,6,7,4,20,1,874
5,6,7,5,179,10,21659
5,6,7,6,390,17,64534
5,6,7,7,148,7,24026
5,6,7,8,579,29,130489
5,6,7,9,6393,317,1517683
5,7,1,1,1,0,0
5,7,1,2,0,0,0
5,7,1,5,1,0,0
5,7,1,9,15,2,8628
5,7,2,1,2,0,0
5,7,2,2,1,0,0
5,7,2,3,0,0,0
5,7,2,5,0,0,0
5,7,2,6,1,0,0
5,7,2,7,0,0,0
5,7,2,9,28,1,1314
5,7,3,1,5,0,0
5,7,3,2,2,0,0
5,7,3,3,0,0,0
5,7,3,5,0,0,0
5,7,3,6,2,0,0
5,7,3,7,1,0,0
5,7,3,9,24,2,6600
5,7,4,1,4,0,0
5,7,4,2,1,0,0
5,7,4,4,1,0,0
5,7,4,6,1,1,1231
5,7,4,7,0,0,0
5,7,4,9,25,0,0
5,7,5,1,6,2,6102
5,7,5,2,1,0,0
5,7,5,3,1,0,0
5,7,5,4,0,0,0
5,7,5,5,1,0,0
5,7,5,6,2,0,0
5,7,5,7,1,1,2935
5,7,5,8,1,0,0
5,7,5,9,39,1,1150
5,7,6,1,8,0,0
5,7,6,2,2,0,0
5,7,6,3,3,0,0
5,7,6,4,0,0,0
5,7,6,5,1,0,0
5,7,6,6,4,0,0
5,7,6,7,2,0,0
5,7,6,8,2,0,0
5,7,6,9,70,2,32275
5,7,7,1,51,1,31442
5,7,7,2,22,2,31942
5,7,7,3,10,0,0
5,7,7,4,2,0,0
5,7,7,5,9,0,0
5,7,7,6,17,0,0
5,7,7,7,3,1,966
5,7,7,8,13,0,0
5,7,7,9,385,16,112252
